WBM Date;Phandom;SPN RPF;DSMP
;;;
;;;
;;;
;;;
;;;
;;;
;;;
;;;
;;;
;;;
;;;
;;;
;;;
;;;
;;;
;;;
;;;
;;;
;;;
;;;
;;;
;;;
;;;
;;;
;;;
;;;
;;;
;;;
;;;
;;;
;;;
;;;
;;;
;;;
;;;
;;;
;;;
;;;
;;;
;;;
;;;
;;;
;;;
;;;
;;;
;;;
;;;
;;;
;;;
;;;
;;;
;;;
;;;
;;;
;;;
;;;
;;;
;;;
;;;
;;;
;;;
;;;
;;;
;;;
;;;
;;;
;;;
;;;
;;;
;;;
;;;
;;;
;;;
;;;
;;;
;;;
;;;
;;;
;;;
;;;
;;;
;;;
;;;
;;;
;;;
;;;
;;;
;;;
;;;
;;;
;;;
;;;
06/30/23;19,014;22,839;77,279
10/01/23;;22,959;
Jan 1, 24;;23,117;
Apr 1, 24;;;
Jun 30, 24;;;
Oct 1, 24;;;
Jan 1, 25;;;
Apr 1, 25;;;
Jul 1, 25;;;
Oct 3, 25;;;
Jan 1, 26;;;
Dec 30, 99;;;
Dec 30, 99;;;
Dec 30, 99;;;
